Workbook

Sheet Sheet1
A1: microg C | B1: microg C /g soil / h | C1: mol C / cm^3 water | D1: mol C / cm^3 water / d
A2: 37.5 | B2: 0.6166281 | C2: =A2*$B$22/$B$21 -> 3.4690423e-06 | D2: =B2*$B$22/$B$23*24 -> 4.1070892e-06
A3: 42.499878 | B3: 0.53348722 | C3: =A3*$B$22/$B$21 -> 3.9315699e-06 | D3: =B3*$B$22/$B$23*24 -> 3.5533243e-06
A4: 102.49988 | B4: 0.68591225 | C4: =A4*$B$22/$B$21 -> 9.4820376e-06 | D4: =B4*$B$22/$B$23*24 -> 4.5685605e-06
A5: 99.999939 | B5: 0.90762118 | C5: =A5*$B$22/$B$21 -> 9.2507737e-06 | D5: =B5*$B$22/$B$23*24 -> 6.0452663e-06
A6: 45 | B6: 0.99076205 | C6: =A6*$B$22/$B$21 -> 4.1628507e-06 | D6: =B6*$B$22/$B$23*24 -> 6.5990312e-06
A7: 402.49988 | B7: 2.230947 | C7: =A7*$B$22/$B$21 -> 3.7234376e-05 | D7: =B7*$B$22/$B$23*24 -> 1.4859359e-05
A8: 402.49988 | B8: 2.4595843 | C8: =A8*$B$22/$B$21 -> 3.7234376e-05 | D8: =B8*$B$22/$B$23*24 -> 1.6382212e-05
A9: 402.49988 | B9: 2.9030024 | C9: =A9*$B$22/$B$21 -> 3.7234376e-05 | D9: =B9*$B$22/$B$23*24 -> 1.9335625e-05
A10: 1604.9998 | B10: 2.1824481 | C10: =A10*$B$22/$B$21 -> 0.00014847499 | D10: =B10*$B$22/$B$23*24 -> 1.4536329e-05
A11: 1602.5001 | B11: 2.078522 | C11: =A11*$B$22/$B$21 -> 0.00014824375 | D11: =B11*$B$22/$B$23*24 -> 1.3844123e-05
A12: 1607.4999 | B12: 1.9815244 | C12: =A12*$B$22/$B$21 -> 0.00014870627 | D12: =B12*$B$22/$B$23*24 -> 1.3198064e-05
A19: soil | B19: 3 | C19: g
A20: theta | B20: 0.3 | C20: g/g
A21: water | B21: =B20*B19 -> 0.9 | C21: g or cm^3
A22: microg_to_mol | B22: =1/12.011*0.000001 -> 8.3257014e-08
A23: gsoil_to_cm^3water | B23: =B20 -> 0.3

Sheet early_exudates
A1: Concentration,Decay
A2: =Sheet1!C2&","&Sheet1!D2 -> 3.46904226681098E-06,4.10708916583979E-06
A3: =Sheet1!C3&","&Sheet1!D3 -> 3.9315699432638E-06,3.55332425853751E-06
A4: =Sheet1!C4&","&Sheet1!D4 -> 9.48203757016134E-06,4.56856048524381E-06
A5: =Sheet1!C5&","&Sheet1!D5 -> 9.25077373193496E-06,6.04526634139777E-06
A6: =Sheet1!C6&","&Sheet1!D6 -> 4.16285072017318E-06,6.59903124870005E-06
A7: =Sheet1!C7&","&Sheet1!D7 -> 3.72343757046492E-05,1.48593589092633E-05
A8: =Sheet1!C8&","&Sheet1!D8 -> 3.72343757046492E-05,1.63822115593664E-05
A9: =Sheet1!C9&","&Sheet1!D9 -> 3.72343757046492E-05,1.93356249616307E-05
A10: =Sheet1!C10&","&Sheet1!D10 -> 0.000148474992080827,1.45363288166848E-05
A11: =Sheet1!C11&","&Sheet1!D11 -> 0.000148243745181283,0.000013844122682557
A12: =Sheet1!C12&","&Sheet1!D12 -> 0.000148706272857736,1.31980641873565E-05
